target_timestamp,target,model,observed,predicted
2023-01-10 04:00:00,aqi,GRU,43.00000044219787,63.397915
2023-06-10 14:00:00,aqi,GRU,74.00000013508648,81.02524
2024-12-01 00:00:00,aqi,GRU,78.000000220265,60.742443
2023-12-02 02:00:00,aqi,GRU,97.99999849672444,75.645035
2024-11-01 16:00:00,aqi,GRU,78.000000220265,68.64445
2022-01-11 03:00:00,aqi,GRU,65.99999996472944,72.53489
2025-01-12 02:00:00,aqi,GRU,65.99999996472944,60.123894
2024-08-01 20:00:00,aqi,GRU,65.99999996472944,76.28291
2023-10-11 05:00:00,aqi,GRU,65.99999996472944,59.918465
2023-04-02 14:00:00,aqi,GRU,73.00000000632019,65.17743
2024-06-02 08:00:00,aqi,GRU,74.00000013508648,75.11056
2023-10-05 03:00:00,aqi,GRU,56.99999966560611,64.95862
2025-10-12 22:00:00,aqi,GRU,65.99999996472944,59.290043
2023-06-10 00:00:00,aqi,GRU,66.99999998602406,77.57589
2023-03-05 18:00:00,aqi,GRU,37.999999368479806,57.289967
2022-12-08 21:00:00,aqi,GRU,64.99999983596315,73.50129
2023-09-05 02:00:00,aqi,GRU,55.0000002678468,72.20075
2023-03-06 13:00:00,aqi,GRU,72.00000009249722,65.60813
2022-05-12 21:00:00,aqi,GRU,142.99999784290793,72.98518
2022-12-12 02:00:00,aqi,GRU,52.999999150540965,65.30065
2023-03-03 00:00:00,aqi,GRU,82.99999957443654,69.41986
2022-01-09 08:00:00,aqi,GRU,52.999999150540965,64.78816
2024-07-01 01:00:00,aqi,GRU,39.00000164667924,81.69438
2023-08-03 13:00:00,aqi,GRU,70.99999996373093,78.260155
2023-06-05 14:00:00,aqi,GRU,55.999999966726456,81.23101
2023-10-05 05:00:00,aqi,GRU,55.999999966726456,65.926025
2024-07-02 03:00:00,aqi,GRU,82.99999957443654,83.15643
2024-04-02 18:00:00,aqi,GRU,34.00000057296118,60.49053
2022-05-09 03:00:00,aqi,GRU,81.00000017667723,63.63894
2023-08-06 00:00:00,aqi,GRU,65.99999996472944,74.597626
2023-01-06 12:00:00,aqi,GRU,73.00000000632019,65.93291
2023-05-09 16:00:00,aqi,GRU,65.99999996472944,63.49759
2023-10-03 08:00:00,aqi,GRU,75.99999996273243,66.95042
2023-06-11 23:00:00,aqi,GRU,65.99999996472944,73.728546
2023-06-10 15:00:00,aqi,GRU,74.00000013508648,81.331406
2024-08-02 08:00:00,aqi,GRU,87.99999978838136,84.01136
2023-08-10 03:00:00,aqi,GRU,44.999999839957184,74.726715
2023-07-05 23:00:00,aqi,GRU,46.000000398610105,79.614845
2023-02-03 14:00:00,aqi,GRU,74.99999983396614,70.59939
2025-01-12 07:00:00,aqi,GRU,65.99999996472944,57.288414
2023-04-07 21:00:00,aqi,GRU,43.99999928130427,67.76136
2023-09-07 09:00:00,aqi,GRU,47.99999979636942,72.8113
2022-05-13 02:00:00,aqi,GRU,65.99999996472944,67.09037
2023-04-03 09:00:00,aqi,GRU,81.9999998755569,65.906
2023-03-11 18:00:00,aqi,GRU,65.99999996472944,54.888508
2023-12-10 16:00:00,aqi,GRU,43.99999928130427,73.48479
2023-11-07 04:00:00,aqi,GRU,31.000000616548945,65.71458
2023-06-11 16:00:00,aqi,GRU,65.99999996472944,75.88665
2024-04-01 13:00:00,aqi,GRU,65.99999996472944,51.338886
2024-02-02 03:00:00,aqi,GRU,28.000000660136713,58.120842
2023-10-11 08:00:00,aqi,GRU,65.99999996472944,58.160507
2022-01-11 13:00:00,aqi,GRU,65.99999996472944,63.034397
2023-11-07 01:00:00,aqi,GRU,31.000000616548945,62.236366
2022-04-12 08:00:00,aqi,GRU,49.00000035502234,54.153973
2023-10-12 13:00:00,aqi,GRU,49.00000035502234,65.293236
2023-12-06 18:00:00,aqi,GRU,65.99999996472944,63.319885
2022-07-10 22:00:00,aqi,GRU,58.99999992313869,79.917984
2024-10-01 15:00:00,aqi,GRU,69.00000000174542,65.64123
2022-11-08 01:00:00,aqi,GRU,89.00000034703427,62.22717
2024-03-01 00:00:00,aqi,GRU,65.99999996472944,54.34935
2022-07-09 16:00:00,aqi,GRU,66.99999998602406,86.33764
2022-06-12 06:00:00,aqi,GRU,180.0000030371472,81.169556
2023-05-01 20:00:00,aqi,GRU,84.99999983196912,69.95262
2023-11-11 06:00:00,aqi,GRU,65.99999996472944,63.82049
2022-03-11 08:00:00,aqi,GRU,65.99999996472944,59.95693
2023-02-07 17:00:00,aqi,GRU,65.99999996472944,62.768703
2023-01-10 03:00:00,aqi,GRU,43.00000044219787,62.80847
2023-01-10 05:00:00,aqi,GRU,43.00000044219787,63.85254
2022-05-12 12:00:00,aqi,GRU,120.0000004698095,69.11223
2022-02-11 19:00:00,aqi,GRU,65.99999996472944,58.262253
2022-07-12 05:00:00,aqi,GRU,242.0000067217907,86.39306
2023-11-09 18:00:00,aqi,GRU,37.999999368479806,69.55282
2023-10-05 20:00:00,aqi,GRU,65.99999996472944,64.17421
2022-11-08 15:00:00,aqi,GRU,79.99999961802432,68.8004
2023-01-11 19:00:00,aqi,GRU,65.99999996472944,62.244045
2023-01-10 18:00:00,aqi,GRU,39.00000164667924,68.33094
2023-11-10 02:00:00,aqi,GRU,44.999999839957184,72.260895
2023-02-03 13:00:00,aqi,GRU,74.00000013508648,70.78791
2024-03-01 14:00:00,aqi,GRU,95.00000025985874,53.291008
2023-07-03 20:00:00,aqi,GRU,79.99999961802432,81.34112
2023-03-07 07:00:00,aqi,GRU,41.99999988354496,64.08499
2023-12-06 19:00:00,aqi,GRU,65.99999996472944,63.53297
2023-05-01 19:00:00,aqi,GRU,84.99999983196912,69.50946
2024-06-01 06:00:00,aqi,GRU,55.999999966726456,76.05097
2024-12-02 01:00:00,aqi,GRU,65.99999996472944,74.74452
2023-11-07 21:00:00,aqi,GRU,34.999999412067574,70.669876
2023-02-07 19:00:00,aqi,GRU,65.99999996472944,62.087425
2023-03-01 01:00:00,aqi,GRU,65.99999996472944,54.53523
2023-08-06 17:00:00,aqi,GRU,65.99999996472944,75.314
2023-09-10 19:00:00,aqi,GRU,25.999999542830878,66.99388
2022-10-13 02:00:00,aqi,GRU,65.99999996472944,58.799942
2022-05-11 00:00:00,aqi,GRU,65.99999996472944,71.76759
2024-06-01 02:00:00,aqi,GRU,63.00000000831721,72.82991
2022-01-09 17:00:00,aqi,GRU,61.000000180671265,67.726326
2022-10-08 16:00:00,aqi,GRU,83.9999992733162,65.256805
2023-10-03 05:00:00,aqi,GRU,78.99999991914466,67.24491
2023-04-03 11:00:00,aqi,GRU,81.00000017667723,65.396996
2023-08-03 03:00:00,aqi,GRU,74.99999983396614,74.89833
2025-11-12 06:00:00,aqi,GRU,65.99999996472944,63.88299
2022-06-12 16:00:00,aqi,GRU,224.00000010513125,84.43173
2024-08-02 11:00:00,aqi,GRU,92.0000003034465,84.04053
2023-10-12 23:00:00,aqi,GRU,47.99999979636942,66.97695
2022-05-09 17:00:00,aqi,GRU,63.00000000831721,71.49104
2025-12-12 19:00:00,aqi,GRU,65.99999996472944,63.38404
2023-07-05 11:00:00,aqi,GRU,52.999999150540965,87.60421
2025-12-12 06:00:00,aqi,GRU,65.99999996472944,68.955215
2024-02-03 13:00:00,aqi,GRU,102.00000073133612,70.78791
2023-04-07 17:00:00,aqi,GRU,43.00000044219787,66.17472
2023-01-12 07:00:00,aqi,GRU,22.00000074731225,57.288414
2022-05-09 08:00:00,aqi,GRU,78.000000220265,64.803856
2024-06-01 21:00:00,aqi,GRU,40.000000485785634,78.14838
2023-10-01 02:00:00,aqi,GRU,100.99999845313668,67.53973
2023-12-06 09:00:00,aqi,GRU,65.99999996472944,65.74269
2024-04-01 22:00:00,aqi,GRU,65.99999996472944,54.848743
2024-11-01 02:00:00,aqi,GRU,74.00000013508648,62.42655
2023-01-07 17:00:00,aqi,GRU,40.99999932489204,71.92196
2023-01-06 01:00:00,aqi,GRU,84.99999983196912,61.77288
2022-12-12 00:00:00,aqi,GRU,52.999999150540965,63.284115
2022-12-11 00:00:00,aqi,GRU,65.99999996472944,65.74706
2024-03-01 16:00:00,aqi,GRU,93.99999970120582,55.01168
2022-08-08 16:00:00,aqi,GRU,65.99999996472944,77.6332
2023-08-01 20:00:00,aqi,GRU,189.99999830639723,77.80557
2022-01-10 02:00:00,aqi,GRU,69.00000000174542,74.715904
2025-12-11 09:00:00,aqi,GRU,55.0000002678468,69.10193
2023-05-07 20:00:00,aqi,GRU,46.9999992377165,72.193375
2022-01-13 00:00:00,aqi,GRU,65.99999996472944,74.100975
2025-03-11 01:00:00,aqi,GRU,65.99999996472944,52.214314
2023-09-11 15:00:00,aqi,GRU,65.99999996472944,65.11538
2022-03-12 14:00:00,aqi,GRU,49.00000035502234,55.88857
2022-05-09 06:00:00,aqi,GRU,79.99999961802432,64.133026
2023-04-07 20:00:00,aqi,GRU,43.99999928130427,67.39979
2022-12-12 20:00:00,aqi,GRU,52.999999150540965,72.42996
2023-01-02 14:00:00,aqi,GRU,81.00000017667723,67.12837
2023-04-02 04:00:00,aqi,GRU,65.99999996472944,67.56899
2022-05-12 05:00:00,aqi,GRU,102.00000073133612,65.19038
2023-04-06 07:00:00,aqi,GRU,59.99999962201835,66.63513
2023-12-02 14:00:00,aqi,GRU,142.99999784290793,73.94957
2023-07-10 04:00:00,aqi,GRU,70.00000004990797,79.26057
2025-07-11 22:00:00,aqi,GRU,52.00000031143457,81.02137
2023-10-02 21:00:00,aqi,GRU,78.000000220265,66.442345
2023-05-03 04:00:00,aqi,GRU,68.0000000073187,68.62221
2023-08-02 13:00:00,aqi,GRU,82.99999957443654,77.986465
2023-01-07 07:00:00,aqi,GRU,41.99999988354496,73.14663
2022-08-10 11:00:00,aqi,GRU,91.49999916434679,77.95084
2022-06-12 10:00:00,aqi,GRU,200.0000004538334,83.736465
2023-07-09 23:00:00,aqi,GRU,40.000000485785634,80.07402
2024-04-01 04:00:00,aqi,GRU,105.99999952685474,54.322704
2023-01-06 06:00:00,aqi,GRU,76.99999966161208,64.71703
2022-09-09 14:00:00,aqi,GRU,84.50000041241591,67.91139
2023-06-10 05:00:00,aqi,GRU,74.99999983396614,73.00579
2022-01-10 05:00:00,aqi,GRU,70.99999996373093,74.78219
2024-01-01 04:00:00,aqi,GRU,65.99999996472944,61.27215
2023-04-02 00:00:00,aqi,GRU,68.0000000073187,68.038414
2023-04-05 06:00:00,aqi,GRU,37.999999368479806,53.395546
2023-03-12 20:00:00,aqi,GRU,17.99999851270058,62.446323
2023-10-09 21:00:00,aqi,GRU,37.00000052937341,66.38008
2023-03-10 10:00:00,aqi,GRU,34.00000057296118,49.519527
2023-04-06 14:00:00,aqi,GRU,55.999999966726456,65.35502
2024-02-03 20:00:00,aqi,GRU,105.00000068774835,71.01211
2025-04-11 14:00:00,aqi,GRU,65.99999996472944,50.32252
2023-02-01 22:00:00,aqi,GRU,65.99999996472944,56.64087
2022-02-12 08:00:00,aqi,GRU,59.99999962201835,57.737164
2022-03-11 06:00:00,aqi,GRU,65.99999996472944,62.66073
2023-05-03 21:00:00,aqi,GRU,68.0000000073187,71.326935
2023-04-05 13:00:00,aqi,GRU,41.99999988354496,55.267624
2023-05-05 07:00:00,aqi,GRU,37.999999368479806,62.732784
2022-10-09 02:00:00,aqi,GRU,64.0000001370835,67.323715
2024-06-01 16:00:00,aqi,GRU,46.9999992377165,81.31108
2023-12-09 06:00:00,aqi,GRU,43.00000044219787,68.40614
2023-04-05 20:00:00,aqi,GRU,40.000000485785634,63.317383
2023-06-05 13:00:00,aqi,GRU,52.999999150540965,80.357025
2022-04-10 02:00:00,aqi,GRU,94.50000084030553,68.316376
2023-07-07 14:00:00,aqi,GRU,65.99999996472944,79.59436
2023-02-05 12:00:00,aqi,GRU,65.99999996472944,51.22676
2023-11-05 19:00:00,aqi,GRU,96.00000081851165,69.77992
2022-09-12 06:00:00,aqi,GRU,145.00000239930682,73.3536
2023-01-10 14:00:00,aqi,GRU,40.99999932489204,65.98068
2023-08-10 18:00:00,aqi,GRU,31.99999945565534,75.84192
2023-12-01 16:00:00,aqi,GRU,117.00000051339728,71.566696
2025-01-12 16:00:00,aqi,GRU,65.99999996472944,56.62752
2022-05-09 01:00:00,aqi,GRU,81.00000017667723,62.471626
2025-10-12 09:00:00,aqi,GRU,65.99999996472944,57.881695
2022-01-10 23:00:00,aqi,GRU,70.99999996373093,74.00444
2023-10-03 16:00:00,aqi,GRU,81.9999998755569,65.548485
2022-08-09 17:00:00,aqi,GRU,49.99999919412873,79.76697
2022-03-13 02:00:00,aqi,GRU,65.99999996472944,65.85242
2022-04-13 00:00:00,aqi,GRU,65.99999996472944,68.66627
2024-10-02 17:00:00,aqi,GRU,61.99999987955092,65.5984
2023-11-07 00:00:00,aqi,GRU,29.999998338349506,60.493633
2024-07-01 11:00:00,aqi,GRU,65.99999996472944,78.51596
2023-01-12 05:00:00,aqi,GRU,65.99999996472944,58.552677
2024-01-03 19:00:00,aqi,GRU,70.00000004990797,67.49763
2023-03-07 05:00:00,aqi,GRU,43.00000044219787,62.30472
2022-02-11 02:00:00,aqi,GRU,65.99999996472944,70.881836
2024-03-02 00:00:00,aqi,GRU,19.00000079090001,62.763577
2022-07-09 08:00:00,aqi,GRU,69.00000000174542,87.33366
2022-09-10 03:00:00,aqi,GRU,105.00000068774835,67.67021
2023-04-01 03:00:00,aqi,GRU,76.99999966161208,54.111618
2023-08-06 12:00:00,aqi,GRU,65.99999996472944,74.03339
2023-12-03 18:00:00,aqi,GRU,74.99999983396614,73.84373
2023-08-12 01:00:00,aqi,GRU,65.99999996472944,74.81204
2025-06-11 14:00:00,aqi,GRU,61.000000180671265,84.72239
2023-01-02 21:00:00,aqi,GRU,78.99999991914466,72.05082
2023-12-04 01:00:00,aqi,GRU,65.99999996472944,74.72898
2023-09-11 23:00:00,aqi,GRU,65.99999996472944,65.63558
2023-05-01 21:00:00,aqi,GRU,86.00000039062203,70.23307
2023-09-03 23:00:00,aqi,GRU,74.00000013508648,67.75023
2024-01-01 11:00:00,aqi,GRU,65.99999996472944,57.159714
2022-11-09 09:00:00,aqi,GRU,65.99999996472944,60.64334
2023-10-01 12:00:00,aqi,GRU,113.00000171787865,67.08192
2022-12-10 10:00:00,aqi,GRU,65.99999996472944,65.67713
2023-08-04 00:00:00,aqi,GRU,65.99999996472944,74.859825
2024-03-02 07:00:00,aqi,GRU,17.99999851270058,69.19975
2022-01-11 21:00:00,aqi,GRU,65.99999996472944,62.07958
2022-01-12 08:00:00,aqi,GRU,130.999998017259,64.38701
2023-01-07 19:00:00,aqi,GRU,37.999999368479806,72.23841
2023-03-06 19:00:00,aqi,GRU,70.99999996373093,66.51258
2023-08-09 04:00:00,aqi,GRU,39.00000164667924,82.94937
2022-01-09 23:00:00,aqi,GRU,50.99999975278165,73.314255
2024-09-03 00:00:00,aqi,GRU,65.99999996472944,67.831215
2023-06-05 05:00:00,aqi,GRU,46.9999992377165,78.003784
2023-03-02 19:00:00,aqi,GRU,72.00000009249722,67.87025
2022-10-12 03:00:00,aqi,GRU,53.99999970919389,64.19066
2024-05-02 02:00:00,aqi,GRU,29.999998338349506,69.59683
2023-05-01 13:00:00,aqi,GRU,82.99999957443654,64.095505
2022-12-09 14:00:00,aqi,GRU,65.99999996472944,63.007854
2023-11-06 20:00:00,aqi,GRU,65.99999996472944,60.346115
2024-07-02 02:00:00,aqi,GRU,81.00000017667723,81.83169
2022-09-08 09:00:00,aqi,GRU,61.99999987955092,68.52195
2024-02-03 19:00:00,aqi,GRU,103.99999840954891,70.76885
2023-05-09 08:00:00,aqi,GRU,65.99999996472944,57.09729
2023-01-07 04:00:00,aqi,GRU,43.00000044219787,73.25846
2023-09-01 18:00:00,aqi,GRU,86.00000039062203,70.40081
2022-09-08 23:00:00,aqi,GRU,68.0000000073187,68.36458
2023-10-03 00:00:00,aqi,GRU,74.00000013508648,67.08174
2022-01-12 07:00:00,aqi,GRU,140.00000132558876,64.190285
2024-08-02 13:00:00,aqi,GRU,90.99999974479358,83.18203
2023-06-03 10:00:00,aqi,GRU,65.99999996472944,66.914375
2024-04-01 17:00:00,aqi,GRU,65.99999996472944,53.496075
2022-02-13 01:00:00,aqi,GRU,65.99999996472944,70.24837
2023-06-03 17:00:00,aqi,GRU,65.99999996472944,73.53183
2024-06-02 13:00:00,aqi,GRU,74.00000013508648,78.492935
2023-09-04 02:00:00,aqi,GRU,65.99999996472944,63.577225
2024-06-03 22:00:00,aqi,GRU,65.99999996472944,78.331245
2023-01-02 09:00:00,aqi,GRU,82.99999957443654,65.923164
2023-04-02 18:00:00,aqi,GRU,75.99999996273243,66.24182
2023-10-05 19:00:00,aqi,GRU,65.99999996472944,65.809616
2025-08-12 00:00:00,aqi,GRU,65.99999996472944,74.57803
2025-07-11 21:00:00,aqi,GRU,52.999999150540965,81.85842
2023-04-12 08:00:00,aqi,GRU,19.00000079090001,54.153973
2025-02-12 23:00:00,aqi,GRU,65.99999996472944,55.59324
2023-03-01 12:00:00,aqi,GRU,68.0000000073187,54.978436
2022-06-10 23:00:00,aqi,GRU,83.9999992733162,78.168564
2023-11-01 10:00:00,aqi,GRU,126.00000038263397,67.84183
2023-07-10 10:00:00,aqi,GRU,65.99999996472944,82.26528
2022-11-10 18:00:00,aqi,GRU,28.99999949924311,67.634544
2022-10-08 10:00:00,aqi,GRU,78.99999991914466,66.00554
2022-10-10 06:00:00,aqi,GRU,65.99999996472944,58.62408
2022-04-12 07:00:00,aqi,GRU,49.00000035502234,54.11723
2023-01-05 19:00:00,aqi,GRU,65.99999996472944,59.442574
2022-10-09 04:00:00,aqi,GRU,63.00000000831721,67.33374
2023-08-06 06:00:00,aqi,GRU,65.99999996472944,68.654945
2024-01-01 19:00:00,aqi,GRU,65.99999996472944,60.061817
2024-04-02 15:00:00,aqi,GRU,34.00000057296118,56.869595
2023-09-06 12:00:00,aqi,GRU,65.99999996472944,65.31724
2023-04-01 16:00:00,aqi,GRU,92.0000003034465,58.783646
2025-10-11 10:00:00,aqi,GRU,49.99999919412873,65.783424
2022-07-12 14:00:00,aqi,GRU,253.00000083014717,88.02703
2024-04-03 01:00:00,aqi,GRU,65.99999996472944,67.31871
2023-06-07 22:00:00,aqi,GRU,32.99999829476174,78.100876
2023-06-09 14:00:00,aqi,GRU,39.00000164667924,84.40943
2023-04-12 02:00:00,aqi,GRU,17.99999851270058,54.346527
2024-05-02 10:00:00,aqi,GRU,29.999998338349506,67.56765
2023-10-05 12:00:00,aqi,GRU,50.99999975278165,65.87769
2023-09-12 00:00:00,aqi,GRU,65.99999996472944,65.76206
2024-01-01 16:00:00,aqi,GRU,65.99999996472944,58.18584
2025-08-11 09:00:00,aqi,GRU,44.999999839957184,84.62355
2023-08-05 11:00:00,aqi,GRU,46.9999992377165,84.521675
2023-02-02 23:00:00,aqi,GRU,114.99999939609145,70.65237
2023-03-11 15:00:00,aqi,GRU,65.99999996472944,54.858547
2024-12-01 08:00:00,aqi,GRU,81.00000017667723,69.573135
2023-04-12 01:00:00,aqi,GRU,17.99999851270058,54.10053
2023-02-10 07:00:00,aqi,GRU,65.99999996472944,55.62584
2024-03-02 10:00:00,aqi,GRU,19.999999630006414,68.30447
2023-06-09 00:00:00,aqi,GRU,65.99999996472944,72.16925
2023-08-07 07:00:00,aqi,GRU,40.000000485785634,84.27537
2022-03-11 02:00:00,aqi,GRU,65.99999996472944,67.99995
2023-02-12 10:00:00,aqi,GRU,66.99999998602406,58.71569
2024-10-01 18:00:00,aqi,GRU,69.00000000174542,65.61294
2024-05-01 07:00:00,aqi,GRU,74.99999983396614,58.987663
2023-12-05 05:00:00,aqi,GRU,129.0000003390462,68.23666
2022-03-09 05:00:00,aqi,GRU,58.00000022425903,53.907803
2024-02-03 02:00:00,aqi,GRU,70.99999996373093,72.64356
2024-10-02 21:00:00,aqi,GRU,64.0000001370835,66.44055
2022-02-13 00:00:00,aqi,GRU,65.99999996472944,70.30403
2023-08-06 18:00:00,aqi,GRU,65.99999996472944,75.266174
2022-07-09 22:00:00,aqi,GRU,61.99999987955092,80.81786
2023-01-07 22:00:00,aqi,GRU,31.000000616548945,72.84332
2023-07-03 09:00:00,aqi,GRU,75.99999996273243,81.195335
2024-04-02 12:00:00,aqi,GRU,34.999999412067574,54.37826
2022-03-09 21:00:00,aqi,GRU,82.99999957443654,63.96939
2022-02-12 13:00:00,aqi,GRU,55.0000002678468,58.931156
2022-06-10 18:00:00,aqi,GRU,105.00000068774835,80.77954
2024-09-02 17:00:00,aqi,GRU,70.00000004990797,67.85239
2025-01-12 06:00:00,aqi,GRU,65.99999996472944,57.916035
2024-09-01 10:00:00,aqi,GRU,64.99999983596315,78.701645
2023-01-02 07:00:00,aqi,GRU,83.9999992733162,65.519135
2023-07-03 06:00:00,aqi,GRU,69.00000000174542,77.21791
2024-07-01 19:00:00,aqi,GRU,65.99999996472944,78.06203
2024-01-03 07:00:00,aqi,GRU,65.99999996472944,68.75372
2025-12-11 23:00:00,aqi,GRU,58.99999992313869,74.48668
2023-07-11 14:00:00,aqi,GRU,65.99999996472944,78.82925
2023-12-06 00:00:00,aqi,GRU,65.99999996472944,75.198265
2023-12-10 11:00:00,aqi,GRU,43.00000044219787,74.29101
2022-11-09 05:00:00,aqi,GRU,65.99999996472944,65.01524
2022-05-11 01:00:00,aqi,GRU,65.99999996472944,69.26358
2025-08-11 11:00:00,aqi,GRU,41.99999988354496,84.62294
2023-09-02 11:00:00,aqi,GRU,89.00000034703427,69.31616
2023-05-09 02:00:00,aqi,GRU,65.99999996472944,59.17558
2024-08-01 23:00:00,aqi,GRU,53.99999970919389,75.09979
2022-06-09 21:00:00,aqi,GRU,64.99999983596315,82.930626
2022-02-12 04:00:00,aqi,GRU,68.0000000073187,57.549164
2024-09-02 13:00:00,aqi,GRU,73.00000000632019,68.86506
2023-11-12 18:00:00,aqi,GRU,55.999999966726456,69.645515
2023-01-05 23:00:00,aqi,GRU,65.99999996472944,61.19387
2022-04-09 17:00:00,aqi,GRU,78.99999991914466,60.034893
2023-03-10 17:00:00,aqi,GRU,44.999999839957184,54.497845
2023-12-06 11:00:00,aqi,GRU,65.99999996472944,64.192314
2023-12-11 06:00:00,aqi,GRU,65.99999996472944,68.95773
2025-02-11 20:00:00,aqi,GRU,65.99999996472944,54.62584
2025-06-11 03:00:00,aqi,GRU,72.00000009249722,78.8952
2025-02-11 15:00:00,aqi,GRU,65.99999996472944,51.44192
2023-06-02 23:00:00,aqi,GRU,120.0000004698095,76.427925
2023-02-03 04:00:00,aqi,GRU,58.00000022425903,72.76309
2023-11-07 15:00:00,aqi,GRU,28.000000660136713,68.772675
2025-06-11 18:00:00,aqi,GRU,61.000000180671265,82.869804
2024-06-01 15:00:00,aqi,GRU,49.00000035502234,81.50247
2023-03-08 01:00:00,aqi,GRU,65.99999996472944,65.12371
2023-07-09 02:00:00,aqi,GRU,37.999999368479806,83.42497
2022-01-10 09:00:00,aqi,GRU,70.99999996373093,74.00794
2023-07-05 12:00:00,aqi,GRU,50.99999975278165,87.63848
2023-05-09 11:00:00,aqi,GRU,65.99999996472944,58.96608
2022-07-12 12:00:00,aqi,GRU,249.9999974346419,88.6327
2022-10-08 18:00:00,aqi,GRU,82.99999957443654,65.5325
2024-01-01 03:00:00,aqi,GRU,65.99999996472944,61.859367
2024-10-01 12:00:00,aqi,GRU,70.00000004990797,66.47709
2022-09-12 07:00:00,aqi,GRU,140.00000132558876,73.4774
2023-06-02 04:00:00,aqi,GRU,87.99999978838136,74.0688
2023-02-07 18:00:00,aqi,GRU,65.99999996472944,62.40633
2022-10-08 03:00:00,aqi,GRU,70.00000004990797,64.6168
2022-08-12 13:00:00,aqi,GRU,210.99999456218984,83.42844
2024-01-03 08:00:00,aqi,GRU,65.99999996472944,67.65353
2023-08-03 10:00:00,aqi,GRU,70.99999996373093,77.59127
2024-09-03 01:00:00,aqi,GRU,65.99999996472944,65.17668
2022-03-10 05:00:00,aqi,GRU,74.00000013508648,69.27635
2023-05-07 16:00:00,aqi,GRU,44.999999839957184,71.1736
2023-12-01 04:00:00,aqi,GRU,134.00000141276428,67.18734
2025-09-13 00:00:00,aqi,GRU,65.99999996472944,65.62103
2023-11-05 05:00:00,aqi,GRU,56.99999966560611,66.475296
2024-01-03 03:00:00,aqi,GRU,65.99999996472944,73.09751
2023-09-05 14:00:00,aqi,GRU,65.99999996472944,71.791725
2023-04-07 22:00:00,aqi,GRU,43.99999928130427,68.04888
2022-02-11 03:00:00,aqi,GRU,65.99999996472944,69.95686
2022-10-09 23:00:00,aqi,GRU,65.99999996472944,66.95875
2025-07-12 16:00:00,aqi,GRU,65.99999996472944,79.60481
2023-01-01 11:00:00,aqi,GRU,65.99999996472944,57.159714
2023-01-11 17:00:00,aqi,GRU,65.99999996472944,62.197727
2023-10-12 10:00:00,aqi,GRU,49.99999919412873,65.715775
2025-10-11 02:00:00,aqi,GRU,43.99999928130427,63.395496
2023-07-05 05:00:00,aqi,GRU,59.99999962201835,85.18711
2023-10-09 09:00:00,aqi,GRU,40.99999932489204,66.01245
2023-08-07 05:00:00,aqi,GRU,39.00000164667924,81.705505
2022-07-09 05:00:00,aqi,GRU,72.00000009249722,85.90966
2023-06-01 22:00:00,aqi,GRU,81.00000017667723,77.12404
2022-10-10 01:00:00,aqi,GRU,65.99999996472944,63.6665
2023-10-03 21:00:00,aqi,GRU,89.99999918614067,66.44055
2024-10-01 08:00:00,aqi,GRU,70.00000004990797,66.96097
2022-05-11 02:00:00,aqi,GRU,65.99999996472944,66.840225
2023-06-07 21:00:00,aqi,GRU,34.999999412067574,78.66964
2023-06-02 20:00:00,aqi,GRU,123.00000042622173,78.05399
2023-10-09 00:00:00,aqi,GRU,44.999999839957184,59.565773
2023-10-01 03:00:00,aqi,GRU,103.99999840954891,68.2391
2023-01-06 05:00:00,aqi,GRU,79.99999961802432,64.36541
2023-09-09 02:00:00,aqi,GRU,50.99999975278165,69.886215
2025-10-12 17:00:00,aqi,GRU,65.99999996472944,58.37178
2023-11-02 17:00:00,aqi,GRU,82.99999957443654,69.99129
2025-12-11 06:00:00,aqi,GRU,52.00000031143457,68.22172
2023-01-11 12:00:00,aqi,GRU,65.99999996472944,63.598663
2023-12-12 19:00:00,aqi,GRU,74.00000013508648,72.06905
2024-07-02 15:00:00,aqi,GRU,82.99999957443654,78.557816
2023-09-01 04:00:00,aqi,GRU,156.00000338584934,79.862785
2024-06-03 05:00:00,aqi,GRU,59.99999962201835,65.0923
2024-02-01 03:00:00,aqi,GRU,65.99999996472944,58.00746
2023-07-02 04:00:00,aqi,GRU,114.99999939609145,78.092155
2024-04-01 21:00:00,aqi,GRU,65.99999996472944,54.942226
2024-09-01 06:00:00,aqi,GRU,58.99999992313869,79.78667
2023-11-06 12:00:00,aqi,GRU,65.99999996472944,59.052135
2022-08-09 19:00:00,aqi,GRU,50.99999975278165,77.659836
2023-11-03 13:00:00,aqi,GRU,70.00000004990797,68.9225
2023-10-07 23:00:00,aqi,GRU,29.999998338349506,66.91241
2023-08-02 11:00:00,aqi,GRU,83.9999992733162,77.93107
2023-04-11 08:00:00,aqi,GRU,65.99999996472944,56.708813
2024-06-02 05:00:00,aqi,GRU,61.99999987955092,74.23641
2023-03-12 14:00:00,aqi,GRU,16.999999673594182,55.88857
2023-12-10 04:00:00,aqi,GRU,40.000000485785634,75.52158
2023-09-05 03:00:00,aqi,GRU,56.99999966560611,73.21699
2022-09-11 02:00:00,aqi,GRU,65.99999996472944,61.74453
2024-06-01 07:00:00,aqi,GRU,53.99999970919389,76.777504
2023-06-05 11:00:00,aqi,GRU,65.99999996472944,81.84325
2023-08-09 06:00:00,aqi,GRU,39.00000164667924,83.8499
2022-02-10 12:00:00,aqi,GRU,68.0000000073187,70.442696
2023-04-02 23:00:00,aqi,GRU,75.99999996273243,67.962105
2023-09-08 02:00:00,aqi,GRU,65.99999996472944,63.344307
2023-03-05 11:00:00,aqi,GRU,37.999999368479806,51.563698
2023-12-01 19:00:00,aqi,GRU,108.99999948326698,72.81502
2025-03-11 20:00:00,aqi,GRU,65.99999996472944,52.070477
2024-06-02 23:00:00,aqi,GRU,76.99999966161208,76.64769
2023-07-10 06:00:00,aqi,GRU,66.99999998602406,79.945694
2023-12-09 07:00:00,aqi,GRU,41.99999988354496,68.78464
2023-09-03 05:00:00,aqi,GRU,70.99999996373093,68.49875
2023-08-01 19:00:00,aqi,GRU,189.99999830639723,78.956436
2024-01-03 16:00:00,aqi,GRU,70.00000004990797,65.221115
2022-03-13 01:00:00,aqi,GRU,65.99999996472944,66.75917
2023-10-06 02:00:00,aqi,GRU,65.99999996472944,62.362133
2023-01-03 10:00:00,aqi,GRU,70.99999996373093,74.31468
2022-09-08 11:00:00,aqi,GRU,64.0000001370835,73.7709
2023-03-05 06:00:00,aqi,GRU,37.999999368479806,50.35748
2023-02-06 10:00:00,aqi,GRU,78.000000220265,59.37402
2023-04-12 03:00:00,aqi,GRU,19.00000079090001,54.398216
2023-11-06 16:00:00,aqi,GRU,65.99999996472944,59.118248
2024-04-02 05:00:00,aqi,GRU,31.000000616548945,53.311916
2023-03-11 23:00:00,aqi,GRU,65.99999996472944,53.462975
2024-03-02 17:00:00,aqi,GRU,25.00000070372448,67.37678
2022-12-10 06:00:00,aqi,GRU,65.99999996472944,68.314804
2025-11-11 13:00:00,aqi,GRU,55.999999966726456,68.667465
2022-02-11 10:00:00,aqi,GRU,65.99999996472944,61.949547
2023-11-10 07:00:00,aqi,GRU,46.000000398610105,72.19939
2023-03-06 16:00:00,aqi,GRU,72.00000009249722,65.70921
2023-05-09 01:00:00,aqi,GRU,65.99999996472944,60.040535
2022-11-10 11:00:00,aqi,GRU,28.99999949924311,62.602642
2022-03-09 12:00:00,aqi,GRU,66.99999998602406,54.90419
2024-01-02 14:00:00,aqi,GRU,37.999999368479806,67.12837
2023-08-01 05:00:00,aqi,GRU,133.00000257365787,86.727394
2023-04-02 16:00:00,aqi,GRU,74.00000013508648,65.54171
2023-10-02 22:00:00,aqi,GRU,78.000000220265,66.69015
2025-06-11 06:00:00,aqi,GRU,72.00000009249722,80.81438
2023-02-10 03:00:00,aqi,GRU,65.99999996472944,57.30363
2024-02-02 15:00:00,aqi,GRU,16.999999673594182,61.69319
2023-01-06 18:00:00,aqi,GRU,70.99999996373093,68.87486
2023-01-11 14:00:00,aqi,GRU,65.99999996472944,62.625317
2023-02-03 07:00:00,aqi,GRU,61.000000180671265,72.40637
2023-11-03 17:00:00,aqi,GRU,72.00000009249722,69.21947
2023-01-06 14:00:00,aqi,GRU,73.00000000632019,66.549675
2025-09-11 16:00:00,aqi,GRU,39.00000164667924,69.22912
2023-06-06 17:00:00,aqi,GRU,52.999999150540965,80.08197
2023-05-03 16:00:00,aqi,GRU,65.99999996472944,70.10603
2024-08-02 22:00:00,aqi,GRU,82.99999957443654,75.21073
2023-11-06 13:00:00,aqi,GRU,65.99999996472944,58.871067
2023-03-05 15:00:00,aqi,GRU,37.999999368479806,54.10736
2023-07-07 16:00:00,aqi,GRU,65.99999996472944,79.55416
2025-07-11 17:00:00,aqi,GRU,55.0000002678468,85.6836
2022-02-09 21:00:00,aqi,GRU,61.000000180671265,66.96972
2025-09-11 18:00:00,aqi,GRU,40.99999932489204,68.06416
2022-10-10 15:00:00,aqi,GRU,65.99999996472944,58.245846
2023-02-05 17:00:00,aqi,GRU,65.99999996472944,53.16656
2023-01-07 11:00:00,aqi,GRU,40.99999932489204,72.38002
2023-01-02 01:00:00,aqi,GRU,86.00000039062203,62.246372
2024-03-01 13:00:00,aqi,GRU,95.00000025985874,52.58869
2024-09-01 20:00:00,aqi,GRU,73.00000000632019,68.85754
2023-12-09 09:00:00,aqi,GRU,43.00000044219787,69.312515
2025-11-11 22:00:00,aqi,GRU,52.00000031143457,71.23378
2024-01-02 17:00:00,aqi,GRU,34.00000057296118,68.707054
2025-05-11 10:00:00,aqi,GRU,55.999999966726456,65.861305
2024-10-01 20:00:00,aqi,GRU,70.00000004990797,66.04632
2024-03-01 04:00:00,aqi,GRU,65.99999996472944,52.996536
2023-12-11 14:00:00,aqi,GRU,65.99999996472944,62.983883
2022-01-09 12:00:00,aqi,GRU,59.99999962201835,65.50796
2022-07-10 16:00:00,aqi,GRU,89.99999918614067,79.17733
2023-03-12 03:00:00,aqi,GRU,23.999998425525042,53.462093
2023-08-11 15:00:00,aqi,GRU,65.99999996472944,75.0939
2022-02-12 21:00:00,aqi,GRU,50.99999975278165,66.00708
2022-08-12 00:00:00,aqi,GRU,258.00000190386527,74.90017
2022-01-11 17:00:00,aqi,GRU,65.99999996472944,62.197727
2025-12-12 14:00:00,aqi,GRU,65.99999996472944,62.969353
2023-02-11 00:00:00,aqi,GRU,65.99999996472944,58.36638
2024-11-01 04:00:00,aqi,GRU,75.99999996273243,64.815895
2022-02-11 05:00:00,aqi,GRU,65.99999996472944,67.75536
2023-10-06 10:00:00,aqi,GRU,65.99999996472944,58.351917
2023-07-09 18:00:00,aqi,GRU,43.99999928130427,84.51212
2023-10-07 15:00:00,aqi,GRU,31.99999945565534,65.29316
2023-09-12 23:00:00,aqi,GRU,53.99999970919389,68.978165
2022-09-12 19:00:00,aqi,GRU,81.00000017667723,67.58204
2023-01-10 04:00:00,aqi,PIIANN,43.00000044219787,64.811226
2023-06-10 14:00:00,aqi,PIIANN,74.00000013508648,84.16358
2024-12-01 00:00:00,aqi,PIIANN,78.000000220265,60.23865
2023-12-02 02:00:00,aqi,PIIANN,97.99999849672444,70.70232
2024-11-01 16:00:00,aqi,PIIANN,78.000000220265,64.20223
2022-01-11 03:00:00,aqi,PIIANN,65.99999996472944,69.45849
2025-01-12 02:00:00,aqi,PIIANN,65.99999996472944,60.739536
2024-08-01 20:00:00,aqi,PIIANN,65.99999996472944,78.400314
2023-10-11 05:00:00,aqi,PIIANN,65.99999996472944,59.11734
2023-04-02 14:00:00,aqi,PIIANN,73.00000000632019,66.22243
2024-06-02 08:00:00,aqi,PIIANN,74.00000013508648,80.21811
2023-10-05 03:00:00,aqi,PIIANN,56.99999966560611,64.56918
2025-10-12 22:00:00,aqi,PIIANN,65.99999996472944,59.632732
2023-06-10 00:00:00,aqi,PIIANN,66.99999998602406,82.81652
2023-03-05 18:00:00,aqi,PIIANN,37.999999368479806,58.822414
2022-12-08 21:00:00,aqi,PIIANN,64.99999983596315,69.3946
2023-09-05 02:00:00,aqi,PIIANN,55.0000002678468,71.19436
2023-03-06 13:00:00,aqi,PIIANN,72.00000009249722,64.60233
2022-05-12 21:00:00,aqi,PIIANN,142.99999784290793,77.41918
2022-12-12 02:00:00,aqi,PIIANN,52.999999150540965,65.59979
2023-03-03 00:00:00,aqi,PIIANN,82.99999957443654,71.27008
2022-01-09 08:00:00,aqi,PIIANN,52.999999150540965,66.60478
2024-07-01 01:00:00,aqi,PIIANN,39.00000164667924,85.71705
2023-08-03 13:00:00,aqi,PIIANN,70.99999996373093,75.7903
2023-06-05 14:00:00,aqi,PIIANN,55.999999966726456,85.689285
2023-10-05 05:00:00,aqi,PIIANN,55.999999966726456,64.82196
2024-07-02 03:00:00,aqi,PIIANN,82.99999957443654,87.50091
2024-04-02 18:00:00,aqi,PIIANN,34.00000057296118,63.15287
2022-05-09 03:00:00,aqi,PIIANN,81.00000017667723,68.19892
2023-08-06 00:00:00,aqi,PIIANN,65.99999996472944,72.79166
2023-01-06 12:00:00,aqi,PIIANN,73.00000000632019,68.27029
2023-05-09 16:00:00,aqi,PIIANN,65.99999996472944,60.09493
2023-10-03 08:00:00,aqi,PIIANN,75.99999996273243,63.453934
2023-06-11 23:00:00,aqi,PIIANN,65.99999996472944,76.91477
2023-06-10 15:00:00,aqi,PIIANN,74.00000013508648,84.44285
2024-08-02 08:00:00,aqi,PIIANN,87.99999978838136,87.60388
2023-08-10 03:00:00,aqi,PIIANN,44.999999839957184,72.60108
2023-07-05 23:00:00,aqi,PIIANN,46.000000398610105,82.53599
2023-02-03 14:00:00,aqi,PIIANN,74.99999983396614,70.44919
2025-01-12 07:00:00,aqi,PIIANN,65.99999996472944,56.773796
2023-04-07 21:00:00,aqi,PIIANN,43.99999928130427,70.09165
2023-09-07 09:00:00,aqi,PIIANN,47.99999979636942,69.25221
2022-05-13 02:00:00,aqi,PIIANN,65.99999996472944,71.287384
2023-04-03 09:00:00,aqi,PIIANN,81.9999998755569,66.670135
2023-03-11 18:00:00,aqi,PIIANN,65.99999996472944,51.368572
2023-12-10 16:00:00,aqi,PIIANN,43.99999928130427,68.39955
2023-11-07 04:00:00,aqi,PIIANN,31.000000616548945,65.03586
2023-06-11 16:00:00,aqi,PIIANN,65.99999996472944,73.674614
2024-04-01 13:00:00,aqi,PIIANN,65.99999996472944,50.298973
2024-02-02 03:00:00,aqi,PIIANN,28.000000660136713,58.328285
2023-10-11 08:00:00,aqi,PIIANN,65.99999996472944,58.107094
2022-01-11 13:00:00,aqi,PIIANN,65.99999996472944,59.265427
2023-11-07 01:00:00,aqi,PIIANN,31.000000616548945,63.01928
2022-04-12 08:00:00,aqi,PIIANN,49.00000035502234,57.97492
2023-10-12 13:00:00,aqi,PIIANN,49.00000035502234,61.86573
2023-12-06 18:00:00,aqi,PIIANN,65.99999996472944,61.76068
2022-07-10 22:00:00,aqi,PIIANN,58.99999992313869,81.94532
2024-10-01 15:00:00,aqi,PIIANN,69.00000000174542,62.121853
2022-11-08 01:00:00,aqi,PIIANN,89.00000034703427,62.964634
2024-03-01 00:00:00,aqi,PIIANN,65.99999996472944,53.274223
2022-07-09 16:00:00,aqi,PIIANN,66.99999998602406,90.81727
2022-06-12 06:00:00,aqi,PIIANN,180.0000030371472,87.20711
2023-05-01 20:00:00,aqi,PIIANN,84.99999983196912,73.06703
2023-11-11 06:00:00,aqi,PIIANN,65.99999996472944,60.91677
2022-03-11 08:00:00,aqi,PIIANN,65.99999996472944,56.691444
2023-02-07 17:00:00,aqi,PIIANN,65.99999996472944,60.743103
2023-01-10 03:00:00,aqi,PIIANN,43.00000044219787,64.23379
2023-01-10 05:00:00,aqi,PIIANN,43.00000044219787,65.29865
2022-05-12 12:00:00,aqi,PIIANN,120.0000004698095,74.59511
2022-02-11 19:00:00,aqi,PIIANN,65.99999996472944,55.023643
2022-07-12 05:00:00,aqi,PIIANN,242.0000067217907,91.8767
2023-11-09 18:00:00,aqi,PIIANN,37.999999368479806,64.32251
2023-10-05 20:00:00,aqi,PIIANN,65.99999996472944,60.39203
2022-11-08 15:00:00,aqi,PIIANN,79.99999961802432,64.09131
2023-01-11 19:00:00,aqi,PIIANN,65.99999996472944,60.548912
2023-01-10 18:00:00,aqi,PIIANN,39.00000164667924,70.24043
2023-11-10 02:00:00,aqi,PIIANN,44.999999839957184,66.23541
2023-02-03 13:00:00,aqi,PIIANN,74.00000013508648,70.40094
2024-03-01 14:00:00,aqi,PIIANN,95.00000025985874,51.057827
2023-07-03 20:00:00,aqi,PIIANN,79.99999961802432,84.74504
2023-03-07 07:00:00,aqi,PIIANN,41.99999988354496,62.551785
2023-12-06 19:00:00,aqi,PIIANN,65.99999996472944,62.251305
2023-05-01 19:00:00,aqi,PIIANN,84.99999983196912,72.60182
2024-06-01 06:00:00,aqi,PIIANN,55.999999966726456,82.31548
2024-12-02 01:00:00,aqi,PIIANN,65.99999996472944,69.187935
2023-11-07 21:00:00,aqi,PIIANN,34.999999412067574,65.17147
2023-02-07 19:00:00,aqi,PIIANN,65.99999996472944,60.602516
2023-03-01 01:00:00,aqi,PIIANN,65.99999996472944,53.234695
2023-08-06 17:00:00,aqi,PIIANN,65.99999996472944,74.80611
2023-09-10 19:00:00,aqi,PIIANN,25.999999542830878,63.14859
2022-10-13 02:00:00,aqi,PIIANN,65.99999996472944,60.028458
2022-05-11 00:00:00,aqi,PIIANN,65.99999996472944,76.20281
2024-06-01 02:00:00,aqi,PIIANN,63.00000000831721,77.72494
2022-01-09 17:00:00,aqi,PIIANN,61.000000180671265,69.81625
2022-10-08 16:00:00,aqi,PIIANN,83.9999992733162,61.519226
2023-10-03 05:00:00,aqi,PIIANN,78.99999991914466,63.720665
2023-04-03 11:00:00,aqi,PIIANN,81.00000017667723,66.22654
2023-08-03 03:00:00,aqi,PIIANN,74.99999983396614,73.31343
2025-11-12 06:00:00,aqi,PIIANN,65.99999996472944,60.88658
2022-06-12 16:00:00,aqi,PIIANN,224.00000010513125,89.65083
2024-08-02 11:00:00,aqi,PIIANN,92.0000003034465,86.43533
2023-10-12 23:00:00,aqi,PIIANN,47.99999979636942,62.644302
2022-05-09 17:00:00,aqi,PIIANN,63.00000000831721,75.38224
2025-12-12 19:00:00,aqi,PIIANN,65.99999996472944,61.75748
2023-07-05 11:00:00,aqi,PIIANN,52.999999150540965,92.841835
2025-12-12 06:00:00,aqi,PIIANN,65.99999996472944,64.42208
2024-02-03 13:00:00,aqi,PIIANN,102.00000073133612,70.40094
2023-04-07 17:00:00,aqi,PIIANN,43.00000044219787,68.153534
2023-01-12 07:00:00,aqi,PIIANN,22.00000074731225,56.773796
2022-05-09 08:00:00,aqi,PIIANN,78.000000220265,70.86496
2024-06-01 21:00:00,aqi,PIIANN,40.000000485785634,83.02608
2023-10-01 02:00:00,aqi,PIIANN,100.99999845313668,66.38836
2023-12-06 09:00:00,aqi,PIIANN,65.99999996472944,62.288887
2024-04-01 22:00:00,aqi,PIIANN,65.99999996472944,54.827114
2024-11-01 02:00:00,aqi,PIIANN,74.00000013508648,63.24304
2023-01-07 17:00:00,aqi,PIIANN,40.99999932489204,70.70665
2023-01-06 01:00:00,aqi,PIIANN,84.99999983196912,63.484158
2022-12-12 00:00:00,aqi,PIIANN,52.999999150540965,63.363575
2022-12-11 00:00:00,aqi,PIIANN,65.99999996472944,64.32928
2024-03-01 16:00:00,aqi,PIIANN,93.99999970120582,53.664505
2022-08-08 16:00:00,aqi,PIIANN,65.99999996472944,78.06555
2023-08-01 20:00:00,aqi,PIIANN,189.99999830639723,77.88591
2022-01-10 02:00:00,aqi,PIIANN,69.00000000174542,72.97974
2025-12-11 09:00:00,aqi,PIIANN,55.0000002678468,67.91675
2023-05-07 20:00:00,aqi,PIIANN,46.9999992377165,75.4892
2022-01-13 00:00:00,aqi,PIIANN,65.99999996472944,72.71347
2025-03-11 01:00:00,aqi,PIIANN,65.99999996472944,51.995304
2023-09-11 15:00:00,aqi,PIIANN,65.99999996472944,61.823154
2022-03-12 14:00:00,aqi,PIIANN,49.00000035502234,56.87114
2022-05-09 06:00:00,aqi,PIIANN,79.99999961802432,69.99029
2023-04-07 20:00:00,aqi,PIIANN,43.99999928130427,69.672
2022-12-12 20:00:00,aqi,PIIANN,52.999999150540965,68.80947
2023-01-02 14:00:00,aqi,PIIANN,81.00000017667723,69.40621
2023-04-02 04:00:00,aqi,PIIANN,65.99999996472944,68.783134
2022-05-12 05:00:00,aqi,PIIANN,102.00000073133612,70.987915
2023-04-06 07:00:00,aqi,PIIANN,59.99999962201835,67.873924
2023-12-02 14:00:00,aqi,PIIANN,142.99999784290793,68.78347
2023-07-10 04:00:00,aqi,PIIANN,70.00000004990797,81.536354
2025-07-11 22:00:00,aqi,PIIANN,52.00000031143457,84.02546
2023-10-02 21:00:00,aqi,PIIANN,78.000000220265,62.439564
2023-05-03 04:00:00,aqi,PIIANN,68.0000000073187,72.86008
2023-08-02 13:00:00,aqi,PIIANN,82.99999957443654,75.332
2023-01-07 07:00:00,aqi,PIIANN,41.99999988354496,70.788704
2022-08-10 11:00:00,aqi,PIIANN,91.49999916434679,74.87595
2022-06-12 10:00:00,aqi,PIIANN,200.0000004538334,89.67866
2023-07-09 23:00:00,aqi,PIIANN,40.000000485785634,82.76423
2024-04-01 04:00:00,aqi,PIIANN,105.99999952685474,56.11882
2023-01-06 06:00:00,aqi,PIIANN,76.99999966161208,66.5584
2022-09-09 14:00:00,aqi,PIIANN,84.50000041241591,63.84191
2023-06-10 05:00:00,aqi,PIIANN,74.99999983396614,78.321266
2022-01-10 05:00:00,aqi,PIIANN,70.99999996373093,72.61675
2024-01-01 04:00:00,aqi,PIIANN,65.99999996472944,61.549625
2023-04-02 00:00:00,aqi,PIIANN,68.0000000073187,69.87524
2023-04-05 06:00:00,aqi,PIIANN,37.999999368479806,56.216904
2023-03-12 20:00:00,aqi,PIIANN,17.99999851270058,66.32801
2023-10-09 21:00:00,aqi,PIIANN,37.00000052937341,62.199417
2023-03-10 10:00:00,aqi,PIIANN,34.00000057296118,48.296284
2023-04-06 14:00:00,aqi,PIIANN,55.999999966726456,66.87035
2024-02-03 20:00:00,aqi,PIIANN,105.00000068774835,72.22578
2025-04-11 14:00:00,aqi,PIIANN,65.99999996472944,49.370266
2023-02-01 22:00:00,aqi,PIIANN,65.99999996472944,56.0219
2022-02-12 08:00:00,aqi,PIIANN,59.99999962201835,56.751698
2022-03-11 06:00:00,aqi,PIIANN,65.99999996472944,60.378258
2023-05-03 21:00:00,aqi,PIIANN,68.0000000073187,74.32884
2023-04-05 13:00:00,aqi,PIIANN,41.99999988354496,57.826473
2023-05-05 07:00:00,aqi,PIIANN,37.999999368479806,68.368164
2022-10-09 02:00:00,aqi,PIIANN,64.0000001370835,63.315147
2024-06-01 16:00:00,aqi,PIIANN,46.9999992377165,86.01024
2023-12-09 06:00:00,aqi,PIIANN,43.00000044219787,67.81659
2023-04-05 20:00:00,aqi,PIIANN,40.000000485785634,66.381805
2023-06-05 13:00:00,aqi,PIIANN,52.999999150540965,85.102585
2022-04-10 02:00:00,aqi,PIIANN,94.50000084030553,70.58485
2023-07-07 14:00:00,aqi,PIIANN,65.99999996472944,80.69294
2023-02-05 12:00:00,aqi,PIIANN,65.99999996472944,48.464767
2023-11-05 19:00:00,aqi,PIIANN,96.00000081851165,64.61778
2022-09-12 06:00:00,aqi,PIIANN,145.00000239930682,71.0258
2023-01-10 14:00:00,aqi,PIIANN,40.99999932489204,68.338066
2023-08-10 18:00:00,aqi,PIIANN,31.99999945565534,73.05333
2023-12-01 16:00:00,aqi,PIIANN,117.00000051339728,68.23608
2025-01-12 16:00:00,aqi,PIIANN,65.99999996472944,55.682922
2022-05-09 01:00:00,aqi,PIIANN,81.00000017667723,65.700325
2025-10-12 09:00:00,aqi,PIIANN,65.99999996472944,57.727768
2022-01-10 23:00:00,aqi,PIIANN,70.99999996373093,72.63047
2023-10-03 16:00:00,aqi,PIIANN,81.9999998755569,61.67287
2022-08-09 17:00:00,aqi,PIIANN,49.99999919412873,79.86161
2022-03-13 02:00:00,aqi,PIIANN,65.99999996472944,65.611176
2022-04-13 00:00:00,aqi,PIIANN,65.99999996472944,71.37342
2024-10-02 17:00:00,aqi,PIIANN,61.99999987955092,61.664883
2023-11-07 00:00:00,aqi,PIIANN,29.999998338349506,61.429638
2024-07-01 11:00:00,aqi,PIIANN,65.99999996472944,81.18308
2023-01-12 05:00:00,aqi,PIIANN,65.99999996472944,58.568607
2024-01-03 19:00:00,aqi,PIIANN,70.00000004990797,67.05275
2023-03-07 05:00:00,aqi,PIIANN,43.00000044219787,62.691322
2022-02-11 02:00:00,aqi,PIIANN,65.99999996472944,70.14635
2024-03-02 00:00:00,aqi,PIIANN,19.00000079090001,65.87313
2022-07-09 08:00:00,aqi,PIIANN,69.00000000174542,93.02928
2022-09-10 03:00:00,aqi,PIIANN,105.00000068774835,64.7761
2023-04-01 03:00:00,aqi,PIIANN,76.99999966161208,55.838413
2023-08-06 12:00:00,aqi,PIIANN,65.99999996472944,71.10749
2023-12-03 18:00:00,aqi,PIIANN,74.99999983396614,68.80708
2023-08-12 01:00:00,aqi,PIIANN,65.99999996472944,77.41807
2025-06-11 14:00:00,aqi,PIIANN,61.000000180671265,89.96216
2023-01-02 21:00:00,aqi,PIIANN,78.99999991914466,72.230934
2023-12-04 01:00:00,aqi,PIIANN,65.99999996472944,69.17322
2023-09-11 23:00:00,aqi,PIIANN,65.99999996472944,64.883446
2023-05-01 21:00:00,aqi,PIIANN,86.00000039062203,73.41265
2023-09-03 23:00:00,aqi,PIIANN,74.00000013508648,64.47362
2024-01-01 11:00:00,aqi,PIIANN,65.99999996472944,57.01301
2022-11-09 09:00:00,aqi,PIIANN,65.99999996472944,59.259525
2023-10-01 12:00:00,aqi,PIIANN,113.00000171787865,63.478073
2022-12-10 10:00:00,aqi,PIIANN,65.99999996472944,63.887623
2023-08-04 00:00:00,aqi,PIIANN,65.99999996472944,73.46628
2024-03-02 07:00:00,aqi,PIIANN,17.99999851270058,68.96414
2022-01-11 21:00:00,aqi,PIIANN,65.99999996472944,61.310272
2022-01-12 08:00:00,aqi,PIIANN,130.999998017259,65.97698
2023-01-07 19:00:00,aqi,PIIANN,37.999999368479806,71.322945
2023-03-06 19:00:00,aqi,PIIANN,70.99999996373093,67.71454
2023-08-09 04:00:00,aqi,PIIANN,39.00000164667924,86.32704
2022-01-09 23:00:00,aqi,PIIANN,50.99999975278165,72.604355
2024-09-03 00:00:00,aqi,PIIANN,65.99999996472944,64.69326
2023-06-05 05:00:00,aqi,PIIANN,46.9999992377165,83.36519
2023-03-02 19:00:00,aqi,PIIANN,72.00000009249722,69.61388
2022-10-12 03:00:00,aqi,PIIANN,53.99999970919389,63.864162
2024-05-02 02:00:00,aqi,PIIANN,29.999998338349506,73.48353
2023-05-01 13:00:00,aqi,PIIANN,82.99999957443654,68.74176
2022-12-09 14:00:00,aqi,PIIANN,65.99999996472944,60.292343
2023-11-06 20:00:00,aqi,PIIANN,65.99999996472944,60.272137
2024-07-02 02:00:00,aqi,PIIANN,81.00000017667723,85.48586
2022-09-08 09:00:00,aqi,PIIANN,61.99999987955092,65.51056
2024-02-03 19:00:00,aqi,PIIANN,103.99999840954891,71.841125
2023-05-09 08:00:00,aqi,PIIANN,65.99999996472944,59.40138
2023-01-07 04:00:00,aqi,PIIANN,43.00000044219787,71.00181
2023-09-01 18:00:00,aqi,PIIANN,86.00000039062203,66.15177
2022-09-08 23:00:00,aqi,PIIANN,68.0000000073187,65.39483
2023-10-03 00:00:00,aqi,PIIANN,74.00000013508648,63.215443
2022-01-12 07:00:00,aqi,PIIANN,140.00000132558876,65.64551
2024-08-02 13:00:00,aqi,PIIANN,90.99999974479358,84.83485
2023-06-03 10:00:00,aqi,PIIANN,65.99999996472944,67.64752
2024-04-01 17:00:00,aqi,PIIANN,65.99999996472944,51.844128
2022-02-13 01:00:00,aqi,PIIANN,65.99999996472944,70.25038
2023-06-03 17:00:00,aqi,PIIANN,65.99999996472944,70.990364
2024-06-02 13:00:00,aqi,PIIANN,74.00000013508648,81.906654
2023-09-04 02:00:00,aqi,PIIANN,65.99999996472944,61.500153
2024-06-03 22:00:00,aqi,PIIANN,65.99999996472944,83.79831
2023-01-02 09:00:00,aqi,PIIANN,82.99999957443654,68.227104
2023-04-02 18:00:00,aqi,PIIANN,75.99999996273243,67.8864
2023-10-05 19:00:00,aqi,PIIANN,65.99999996472944,61.868347
2025-08-12 00:00:00,aqi,PIIANN,65.99999996472944,72.52955
2025-07-11 21:00:00,aqi,PIIANN,52.999999150540965,85.24829
2023-04-12 08:00:00,aqi,PIIANN,19.00000079090001,57.97492
2025-02-12 23:00:00,aqi,PIIANN,65.99999996472944,54.6928
2023-03-01 12:00:00,aqi,PIIANN,68.0000000073187,53.175083
2022-06-10 23:00:00,aqi,PIIANN,83.9999992733162,82.75676
2023-11-01 10:00:00,aqi,PIIANN,126.00000038263397,65.08753
2023-07-10 10:00:00,aqi,PIIANN,65.99999996472944,83.542046
2022-11-10 18:00:00,aqi,PIIANN,28.99999949924311,63.686455
2022-10-08 10:00:00,aqi,PIIANN,78.99999991914466,63.21176
2022-10-10 06:00:00,aqi,PIIANN,65.99999996472944,58.798553
2022-04-12 07:00:00,aqi,PIIANN,49.00000035502234,57.953552
2023-01-05 19:00:00,aqi,PIIANN,65.99999996472944,59.7689
2022-10-09 04:00:00,aqi,PIIANN,63.00000000831721,63.447914
2023-08-06 06:00:00,aqi,PIIANN,65.99999996472944,67.12446
2024-01-01 19:00:00,aqi,PIIANN,65.99999996472944,60.593613
2024-04-02 15:00:00,aqi,PIIANN,34.00000057296118,59.21804
2023-09-06 12:00:00,aqi,PIIANN,65.99999996472944,61.835438
2023-04-01 16:00:00,aqi,PIIANN,92.0000003034465,60.76677
2025-10-11 10:00:00,aqi,PIIANN,49.99999919412873,62.964336
2022-07-12 14:00:00,aqi,PIIANN,253.00000083014717,92.616745
2024-04-03 01:00:00,aqi,PIIANN,65.99999996472944,68.005394
2023-06-07 22:00:00,aqi,PIIANN,32.99999829476174,82.38111
2023-06-09 14:00:00,aqi,PIIANN,39.00000164667924,89.305786
2023-04-12 02:00:00,aqi,PIIANN,17.99999851270058,57.515774
2024-05-02 10:00:00,aqi,PIIANN,29.999998338349506,71.822
2023-10-05 12:00:00,aqi,PIIANN,50.99999975278165,62.7021
2023-09-12 00:00:00,aqi,PIIANN,65.99999996472944,65.20775
2024-01-01 16:00:00,aqi,PIIANN,65.99999996472944,58.212563
2025-08-11 09:00:00,aqi,PIIANN,44.999999839957184,87.11178
2023-08-05 11:00:00,aqi,PIIANN,46.9999992377165,87.024506
2023-02-02 23:00:00,aqi,PIIANN,114.99999939609145,72.94451
2023-03-11 15:00:00,aqi,PIIANN,65.99999996472944,50.66687
2024-12-01 08:00:00,aqi,PIIANN,81.00000017667723,68.20981
2023-04-12 01:00:00,aqi,PIIANN,17.99999851270058,56.749214
2023-02-10 07:00:00,aqi,PIIANN,65.99999996472944,53.63209
2024-03-02 10:00:00,aqi,PIIANN,19.999999630006414,67.78712
2023-06-09 00:00:00,aqi,PIIANN,65.99999996472944,75.83035
2023-08-07 07:00:00,aqi,PIIANN,40.000000485785634,86.83828
2022-03-11 02:00:00,aqi,PIIANN,65.99999996472944,67.82411
2023-02-12 10:00:00,aqi,PIIANN,66.99999998602406,58.677513
2024-10-01 18:00:00,aqi,PIIANN,69.00000000174542,61.898956
2024-05-01 07:00:00,aqi,PIIANN,74.99999983396614,64.329384
2023-12-05 05:00:00,aqi,PIIANN,129.0000003390462,67.91393
2022-03-09 05:00:00,aqi,PIIANN,58.00000022425903,53.530655
2024-02-03 02:00:00,aqi,PIIANN,70.99999996373093,73.25256
2024-10-02 21:00:00,aqi,PIIANN,64.0000001370835,62.40131
2022-02-13 00:00:00,aqi,PIIANN,65.99999996472944,71.470665
2023-08-06 18:00:00,aqi,PIIANN,65.99999996472944,75.381454
2022-07-09 22:00:00,aqi,PIIANN,61.99999987955092,83.942535
2023-01-07 22:00:00,aqi,PIIANN,31.000000616548945,72.336525
2023-07-03 09:00:00,aqi,PIIANN,75.99999996273243,82.96739
2024-04-02 12:00:00,aqi,PIIANN,34.999999412067574,56.68293
2022-03-09 21:00:00,aqi,PIIANN,82.99999957443654,67.927986
2022-02-12 13:00:00,aqi,PIIANN,55.0000002678468,59.831207
2022-06-10 18:00:00,aqi,PIIANN,105.00000068774835,84.235
2024-09-02 17:00:00,aqi,PIIANN,70.00000004990797,63.8548
2025-01-12 06:00:00,aqi,PIIANN,65.99999996472944,57.66512
2024-09-01 10:00:00,aqi,PIIANN,64.99999983596315,75.91214
2023-01-02 07:00:00,aqi,PIIANN,83.9999992733162,67.70052
2023-07-03 06:00:00,aqi,PIIANN,69.00000000174542,79.231995
2024-07-01 19:00:00,aqi,PIIANN,65.99999996472944,79.46286
2024-01-03 07:00:00,aqi,PIIANN,65.99999996472944,65.204315
2025-12-11 23:00:00,aqi,PIIANN,58.99999992313869,69.966286
2023-07-11 14:00:00,aqi,PIIANN,65.99999996472944,77.42212
2023-12-06 00:00:00,aqi,PIIANN,65.99999996472944,70.34047
2023-12-10 11:00:00,aqi,PIIANN,43.00000044219787,69.14343
2022-11-09 05:00:00,aqi,PIIANN,65.99999996472944,61.60951
2022-05-11 01:00:00,aqi,PIIANN,65.99999996472944,73.17755
2025-08-11 11:00:00,aqi,PIIANN,41.99999988354496,86.56966
2023-09-02 11:00:00,aqi,PIIANN,89.00000034703427,65.48492
2023-05-09 02:00:00,aqi,PIIANN,65.99999996472944,62.804485
2024-08-01 23:00:00,aqi,PIIANN,53.99999970919389,78.096756
2022-06-09 21:00:00,aqi,PIIANN,64.99999983596315,86.91035
2022-02-12 04:00:00,aqi,PIIANN,68.0000000073187,56.834694
2024-09-02 13:00:00,aqi,PIIANN,73.00000000632019,64.818535
2023-11-12 18:00:00,aqi,PIIANN,55.999999966726456,64.274216
2023-01-05 23:00:00,aqi,PIIANN,65.99999996472944,62.246098
2022-04-09 17:00:00,aqi,PIIANN,78.99999991914466,63.156506
2023-03-10 17:00:00,aqi,PIIANN,44.999999839957184,54.48176
2023-12-06 11:00:00,aqi,PIIANN,65.99999996472944,61.150665
2023-12-11 06:00:00,aqi,PIIANN,65.99999996472944,64.47178
2025-02-11 20:00:00,aqi,PIIANN,65.99999996472944,53.010597
2025-06-11 03:00:00,aqi,PIIANN,72.00000009249722,83.55195
2025-02-11 15:00:00,aqi,PIIANN,65.99999996472944,48.560036
2023-06-02 23:00:00,aqi,PIIANN,120.0000004698095,80.8255
2023-02-03 04:00:00,aqi,PIIANN,58.00000022425903,72.82137
2023-11-07 15:00:00,aqi,PIIANN,28.000000660136713,64.11828
2025-06-11 18:00:00,aqi,PIIANN,61.000000180671265,88.11322
2024-06-01 15:00:00,aqi,PIIANN,49.00000035502234,86.22795
2023-03-08 01:00:00,aqi,PIIANN,65.99999996472944,67.4264
2023-07-09 02:00:00,aqi,PIIANN,37.999999368479806,87.516205
2022-01-10 09:00:00,aqi,PIIANN,70.99999996373093,71.55601
2023-07-05 12:00:00,aqi,PIIANN,50.99999975278165,92.698555
2023-05-09 11:00:00,aqi,PIIANN,65.99999996472944,58.62588
2022-07-12 12:00:00,aqi,PIIANN,249.9999974346419,93.52729
2022-10-08 18:00:00,aqi,PIIANN,82.99999957443654,61.580414
2024-01-01 03:00:00,aqi,PIIANN,65.99999996472944,62.03542
2024-10-01 12:00:00,aqi,PIIANN,70.00000004990797,63.17143
2022-09-12 07:00:00,aqi,PIIANN,140.00000132558876,70.69464
2023-06-02 04:00:00,aqi,PIIANN,87.99999978838136,79.54157
2023-02-07 18:00:00,aqi,PIIANN,65.99999996472944,60.6438
2022-10-08 03:00:00,aqi,PIIANN,70.00000004990797,64.257645
2022-08-12 13:00:00,aqi,PIIANN,210.99999456218984,84.35618
2024-01-03 08:00:00,aqi,PIIANN,65.99999996472944,64.052315
2023-08-03 10:00:00,aqi,PIIANN,70.99999996373093,75.07098
2024-09-03 01:00:00,aqi,PIIANN,65.99999996472944,62.48846
2022-03-10 05:00:00,aqi,PIIANN,74.00000013508648,69.701355
2023-05-07 16:00:00,aqi,PIIANN,44.999999839957184,74.60131
2023-12-01 04:00:00,aqi,PIIANN,134.00000141276428,66.78588
2025-09-13 00:00:00,aqi,PIIANN,65.99999996472944,65.03702
2023-11-05 05:00:00,aqi,PIIANN,56.99999966560611,65.35896
2024-01-03 03:00:00,aqi,PIIANN,65.99999996472944,69.917915
2023-09-05 14:00:00,aqi,PIIANN,65.99999996472944,67.26035
2023-04-07 22:00:00,aqi,PIIANN,43.99999928130427,70.403244
2022-02-11 03:00:00,aqi,PIIANN,65.99999996472944,68.69519
2022-10-09 23:00:00,aqi,PIIANN,65.99999996472944,62.73475
2025-07-12 16:00:00,aqi,PIIANN,65.99999996472944,79.12066
2023-01-01 11:00:00,aqi,PIIANN,65.99999996472944,57.01301
2023-01-11 17:00:00,aqi,PIIANN,65.99999996472944,59.658016
2023-10-12 10:00:00,aqi,PIIANN,49.99999919412873,62.885174
2025-10-11 02:00:00,aqi,PIIANN,43.99999928130427,63.386917
2023-07-05 05:00:00,aqi,PIIANN,59.99999962201835,90.71054
2023-10-09 09:00:00,aqi,PIIANN,40.99999932489204,63.48185
2023-08-07 05:00:00,aqi,PIIANN,39.00000164667924,83.726105
2022-07-09 05:00:00,aqi,PIIANN,72.00000009249722,91.41958
2023-06-01 22:00:00,aqi,PIIANN,81.00000017667723,81.91637
2022-10-10 01:00:00,aqi,PIIANN,65.99999996472944,60.349796
2023-10-03 21:00:00,aqi,PIIANN,89.99999918614067,62.40131
2024-10-01 08:00:00,aqi,PIIANN,70.00000004990797,64.553955
2022-05-11 02:00:00,aqi,PIIANN,65.99999996472944,70.76062
2023-06-07 21:00:00,aqi,PIIANN,34.999999412067574,82.69382
2023-06-02 20:00:00,aqi,PIIANN,123.00000042622173,81.65492
2023-10-09 00:00:00,aqi,PIIANN,44.999999839957184,60.401394
2023-10-01 03:00:00,aqi,PIIANN,103.99999840954891,66.994095
2023-01-06 05:00:00,aqi,PIIANN,79.99999961802432,66.146
2023-09-09 02:00:00,aqi,PIIANN,50.99999975278165,68.65514
2025-10-12 17:00:00,aqi,PIIANN,65.99999996472944,57.66065
2023-11-02 17:00:00,aqi,PIIANN,82.99999957443654,64.40975
2025-12-11 06:00:00,aqi,PIIANN,52.00000031143457,67.62843
2023-01-11 12:00:00,aqi,PIIANN,65.99999996472944,59.651836
2023-12-12 19:00:00,aqi,PIIANN,74.00000013508648,68.59856
2024-07-02 15:00:00,aqi,PIIANN,82.99999957443654,79.98001
2023-09-01 04:00:00,aqi,PIIANN,156.00000338584934,80.245834
2024-06-03 05:00:00,aqi,PIIANN,59.99999962201835,69.87004
2024-02-01 03:00:00,aqi,PIIANN,65.99999996472944,56.79455
2023-07-02 04:00:00,aqi,PIIANN,114.99999939609145,80.91407
2024-04-01 21:00:00,aqi,PIIANN,65.99999996472944,54.467396
2024-09-01 06:00:00,aqi,PIIANN,58.99999992313869,79.47512
2023-11-06 12:00:00,aqi,PIIANN,65.99999996472944,58.392757
2022-08-09 19:00:00,aqi,PIIANN,50.99999975278165,77.11488
2023-11-03 13:00:00,aqi,PIIANN,70.00000004990797,63.97725
2023-10-07 23:00:00,aqi,PIIANN,29.999998338349506,62.80266
2023-08-02 11:00:00,aqi,PIIANN,83.9999992733162,75.29742
2023-04-11 08:00:00,aqi,PIIANN,65.99999996472944,56.502937
2024-06-02 05:00:00,aqi,PIIANN,61.99999987955092,79.78595
2023-03-12 14:00:00,aqi,PIIANN,16.999999673594182,56.87114
2023-12-10 04:00:00,aqi,PIIANN,40.000000485785634,70.536255
2023-09-05 03:00:00,aqi,PIIANN,56.99999966560611,72.21295
2022-09-11 02:00:00,aqi,PIIANN,65.99999996472944,61.13168
2024-06-01 07:00:00,aqi,PIIANN,53.99999970919389,83.10704
2023-06-05 11:00:00,aqi,PIIANN,65.99999996472944,87.23154
2023-08-09 06:00:00,aqi,PIIANN,39.00000164667924,87.376595
2022-02-10 12:00:00,aqi,PIIANN,68.0000000073187,69.80326
2023-04-02 23:00:00,aqi,PIIANN,75.99999996273243,69.93812
2023-09-08 02:00:00,aqi,PIIANN,65.99999996472944,61.247295
2023-03-05 11:00:00,aqi,PIIANN,37.999999368479806,50.29434
2023-12-01 19:00:00,aqi,PIIANN,108.99999948326698,68.88182
2025-03-11 20:00:00,aqi,PIIANN,65.99999996472944,50.59271
2024-06-02 23:00:00,aqi,PIIANN,76.99999966161208,81.08225
2023-07-10 06:00:00,aqi,PIIANN,66.99999998602406,81.98296
2023-12-09 07:00:00,aqi,PIIANN,41.99999988354496,67.98401
2023-09-03 05:00:00,aqi,PIIANN,70.99999996373093,65.63141
2023-08-01 19:00:00,aqi,PIIANN,189.99999830639723,79.40503
2024-01-03 16:00:00,aqi,PIIANN,70.00000004990797,63.400978
2022-03-13 01:00:00,aqi,PIIANN,65.99999996472944,67.19619
2023-10-06 02:00:00,aqi,PIIANN,65.99999996472944,60.549088
2023-01-03 10:00:00,aqi,PIIANN,70.99999996373093,71.81197
2022-09-08 11:00:00,aqi,PIIANN,64.0000001370835,69.61119
2023-03-05 06:00:00,aqi,PIIANN,37.999999368479806,49.895645
2023-02-06 10:00:00,aqi,PIIANN,78.000000220265,59.955173
2023-04-12 03:00:00,aqi,PIIANN,19.00000079090001,57.871956
2023-11-06 16:00:00,aqi,PIIANN,65.99999996472944,58.63435
2024-04-02 05:00:00,aqi,PIIANN,31.000000616548945,55.890083
2023-03-11 23:00:00,aqi,PIIANN,65.99999996472944,52.5386
2024-03-02 17:00:00,aqi,PIIANN,25.00000070372448,68.56128
2022-12-10 06:00:00,aqi,PIIANN,65.99999996472944,67.723366
2025-11-11 13:00:00,aqi,PIIANN,55.999999966726456,64.21227
2022-02-11 10:00:00,aqi,PIIANN,65.99999996472944,57.38534
2023-11-10 07:00:00,aqi,PIIANN,46.000000398610105,66.03209
2023-03-06 16:00:00,aqi,PIIANN,72.00000009249722,65.76623
2023-05-09 01:00:00,aqi,PIIANN,65.99999996472944,63.167076
2022-11-10 11:00:00,aqi,PIIANN,28.99999949924311,61.74641
2022-03-09 12:00:00,aqi,PIIANN,66.99999998602406,54.942036
2024-01-02 14:00:00,aqi,PIIANN,37.999999368479806,69.40621
2023-08-01 05:00:00,aqi,PIIANN,133.00000257365787,90.816154
2023-04-02 16:00:00,aqi,PIIANN,74.00000013508648,66.885544
2023-10-02 22:00:00,aqi,PIIANN,78.000000220265,62.71361
2025-06-11 06:00:00,aqi,PIIANN,72.00000009249722,86.80756
2023-02-10 03:00:00,aqi,PIIANN,65.99999996472944,56.91157
2024-02-02 15:00:00,aqi,PIIANN,16.999999673594182,65.26186
2023-01-06 18:00:00,aqi,PIIANN,70.99999996373093,70.57753
2023-01-11 14:00:00,aqi,PIIANN,65.99999996472944,59.091087
2023-02-03 07:00:00,aqi,PIIANN,61.000000180671265,71.77387
2023-11-03 17:00:00,aqi,PIIANN,72.00000009249722,64.09003
2023-01-06 14:00:00,aqi,PIIANN,73.00000000632019,68.88987
2025-09-11 16:00:00,aqi,PIIANN,39.00000164667924,64.67932
2023-06-06 17:00:00,aqi,PIIANN,52.999999150540965,83.29522
2023-05-03 16:00:00,aqi,PIIANN,65.99999996472944,73.09766
2024-08-02 22:00:00,aqi,PIIANN,82.99999957443654,73.84313
2023-11-06 13:00:00,aqi,PIIANN,65.99999996472944,58.27131
2023-03-05 15:00:00,aqi,PIIANN,37.999999368479806,54.017605
2023-07-07 16:00:00,aqi,PIIANN,65.99999996472944,80.4086
2025-07-11 17:00:00,aqi,PIIANN,55.0000002678468,89.972435
2022-02-09 21:00:00,aqi,PIIANN,61.000000180671265,71.01282
2025-09-11 18:00:00,aqi,PIIANN,40.99999932489204,63.868187
2022-10-10 15:00:00,aqi,PIIANN,65.99999996472944,57.343395
2023-02-05 17:00:00,aqi,PIIANN,65.99999996472944,50.9978
2023-01-07 11:00:00,aqi,PIIANN,40.99999932489204,70.26697
2023-01-02 01:00:00,aqi,PIIANN,86.00000039062203,64.24403
2024-03-01 13:00:00,aqi,PIIANN,95.00000025985874,50.057182
2024-09-01 20:00:00,aqi,PIIANN,73.00000000632019,64.970085
2023-12-09 09:00:00,aqi,PIIANN,43.00000044219787,68.08392
2025-11-11 22:00:00,aqi,PIIANN,52.00000031143457,65.43633
2024-01-02 17:00:00,aqi,PIIANN,34.00000057296118,70.46444
2025-05-11 10:00:00,aqi,PIIANN,55.999999966726456,69.97203
2024-10-01 20:00:00,aqi,PIIANN,70.00000004990797,62.2226
2024-03-01 04:00:00,aqi,PIIANN,65.99999996472944,51.253056
2023-12-11 14:00:00,aqi,PIIANN,65.99999996472944,60.107243
2022-01-09 12:00:00,aqi,PIIANN,59.99999962201835,67.77876
2022-07-10 16:00:00,aqi,PIIANN,89.99999918614067,80.25855
2023-03-12 03:00:00,aqi,PIIANN,23.999998425525042,53.729675
2023-08-11 15:00:00,aqi,PIIANN,65.99999996472944,73.10815
2022-02-12 21:00:00,aqi,PIIANN,50.99999975278165,69.02021
2022-08-12 00:00:00,aqi,PIIANN,258.00000190386527,77.45037
2022-01-11 17:00:00,aqi,PIIANN,65.99999996472944,59.658016
2025-12-12 14:00:00,aqi,PIIANN,65.99999996472944,60.012608
2023-02-11 00:00:00,aqi,PIIANN,65.99999996472944,56.76074
2024-11-01 04:00:00,aqi,PIIANN,75.99999996273243,64.794495
2022-02-11 05:00:00,aqi,PIIANN,65.99999996472944,65.41061
2023-10-06 10:00:00,aqi,PIIANN,65.99999996472944,57.981373
2023-07-09 18:00:00,aqi,PIIANN,43.99999928130427,88.74835
2023-10-07 15:00:00,aqi,PIIANN,31.99999945565534,61.69587
2023-09-12 23:00:00,aqi,PIIANN,53.99999970919389,66.6169
2022-09-12 19:00:00,aqi,PIIANN,81.00000017667723,63.560516
